,Logslope,Deviation
0,0.1505344881799273,0.013286312850835182
